fecha,tipo_vuelo,categoria,aeronave,semana,num_operaciones
2022-03-21,Llegada,Comercial,Avión,1,8
2022-03-21,Llegada,FAM,Avión,1,2
2022-03-21,Llegada,Privado,Avión,1,4
2022-03-21,Salida,Comercial,Avión,1,8
2022-03-21,Salida,FAM,Avión,1,2
2022-03-21,Salida,FAM,Helicóptero,1,1
2022-03-21,Salida,Privado,Avión,1,3
2022-03-21,Salida,Privado,Helicóptero,1,2
2022-03-22,Llegada,Comercial,Avión,1,6
2022-03-22,Llegada,Privado,Avión,1,1
2022-03-22,Salida,Comercial,Avión,1,6
2022-03-22,Salida,Privado,Avión,1,1
2022-03-23,Llegada,Comercial,Avión,1,5
2022-03-23,Llegada,FAM,Avión,1,1
2022-03-23,Llegada,Privado,Avión,1,1
2022-03-23,Salida,Comercial,Avión,1,6
2022-03-23,Salida,FAM,Avión,1,1
2022-03-23,Salida,Privado,Avión,1,1
2022-03-24,Llegada,Comercial,Avión,1,6
2022-03-24,Llegada,Privado,Avión,1,2
2022-03-24,Salida,Comercial,Avión,1,5
2022-03-24,Salida,FAM,Avión,1,1
2022-03-24,Salida,Privado,Avión,1,2
2022-03-25,Llegada,Comercial,Avión,1,6
2022-03-25,Llegada,FAM,Avión,1,1
2022-03-25,Salida,Comercial,Avión,1,6
2022-03-26,Llegada,Comercial,Avión,1,6
2022-03-26,Llegada,Privado,Avión,1,1
2022-03-26,Salida,Comercial,Avión,1,6
2022-03-26,Salida,Privado,Avión,1,1
2022-03-27,Llegada,Comercial,Avión,1,6
2022-03-27,Salida,Comercial,Avión,1,6
2022-03-28,Llegada,Comercial,Avión,2,6
2022-03-28,Llegada,FAM,Avión,2,2
2022-03-28,Salida,Comercial,Avión,2,6
2022-03-28,Salida,FAM,Avión,2,2
2022-03-29,Llegada,Comercial,Avión,2,6
2022-03-29,Llegada,FAM,Avión,2,1
2022-03-29,Salida,Comercial,Avión,2,6
2022-03-30,Llegada,Comercial,Avión,2,6
2022-03-30,Salida,Comercial,Avión,2,6
2022-03-30,Salida,FAM,Avión,2,1
2022-03-31,Llegada,Comercial,Avión,2,6
2022-03-31,Salida,Comercial,Avión,2,6
2022-03-31,Salida,FAM,Avión,2,1
2022-04-01,Llegada,Comercial,Avión,2,6
2022-04-01,Llegada,FAM,Avión,2,1
2022-04-01,Llegada,Privado,Avión,2,1
2022-04-01,Salida,Comercial,Avión,2,6
2022-04-01,Salida,Privado,Avión,2,1
2022-04-02,Llegada,Comercial,Avión,2,6
2022-04-02,Llegada,FAM,Avión,2,1
2022-04-02,Salida,Comercial,Avión,2,6
2022-04-03,Llegada,Comercial,Avión,2,6
2022-04-03,Salida,Comercial,Avión,2,6
2022-04-03,Salida,FAM,Avión,2,1
2022-04-04,Llegada,Comercial,Avión,3,6
2022-04-04,Salida,Comercial,Avión,3,6
2022-04-05,Llegada,Comercial,Avión,3,6
2022-04-05,Salida,Comercial,Avión,3,6
2022-04-06,Llegada,Comercial,Avión,3,6
2022-04-06,Llegada,Privado,Avión,3,1
2022-04-06,Salida,Comercial,Avión,3,6
2022-04-06,Salida,Privado,Avión,3,1
2022-04-07,Llegada,Comercial,Avión,3,6
2022-04-07,Salida,Comercial,Avión,3,6
2022-04-07,Salida,FAM,Avión,3,1
2022-04-07,Salida,Privado,Helicóptero,3,1
2022-04-08,Llegada,Comercial,Avión,3,6
2022-04-08,Llegada,FAM,Avión,3,1
2022-04-08,Salida,Comercial,Avión,3,6
2022-04-09,Llegada,Comercial,Avión,3,6
2022-04-09,Llegada,Privado,Avión,3,1
2022-04-09,Salida,Comercial,Avión,3,6
2022-04-09,Salida,Privado,Avión,3,1
2022-04-10,Llegada,Comercial,Avión,3,5
2022-04-10,Salida,Comercial,Avión,3,5
2022-04-11,Llegada,Comercial,Avión,4,6
2022-04-11,Salida,Comercial,Avión,4,6
2022-04-11,Salida,Privado,Helicóptero,4,1
2022-04-12,Llegada,Comercial,Avión,4,7
2022-04-12,Salida,Comercial,Avión,4,6
2022-04-12,Salida,FAM,Avión,4,1
2022-04-13,Llegada,Comercial,Avión,4,6
2022-04-13,Llegada,FAM,Avión,4,1
2022-04-13,Salida,Comercial,Avión,4,7
2022-04-14,Llegada,Comercial,Avión,4,6
2022-04-14,Salida,Comercial,Avión,4,6
2022-04-15,Llegada,Comercial,Avión,4,6
2022-04-15,Salida,Comercial,Avión,4,6
2022-04-16,Llegada,Comercial,Avión,4,6
2022-04-16,Llegada,Privado,Avión,4,1
2022-04-16,Salida,Comercial,Avión,4,6
2022-04-17,Llegada,Comercial,Avión,4,6
2022-04-17,Llegada,Privado,Avión,4,2
2022-04-17,Salida,Comercial,Avión,4,6
2022-04-17,Salida,Privado,Avión,4,1
2022-04-18,Llegada,Comercial,Avión,5,6
2022-04-18,Salida,Comercial,Avión,5,6
2022-04-18,Salida,Privado,Avión,5,1
2022-04-19,Llegada,Comercial,Avión,5,6
2022-04-19,Salida,Comercial,Avión,5,6
2022-04-20,Llegada,Comercial,Avión,5,6
2022-04-20,Salida,Comercial,Avión,5,6
2022-04-20,Salida,Privado,Avión,5,2
2022-04-21,Llegada,Comercial,Avión,5,6
2022-04-21,Llegada,FAM,Avión,5,1
2022-04-21,Llegada,Privado,Avión,5,1
2022-04-21,Salida,Comercial,Avión,5,6
2022-04-21,Salida,FAM,Avión,5,2
2022-04-21,Salida,Privado,Avión,5,1
2022-04-22,Llegada,Comercial,Avión,5,6
2022-04-22,Llegada,FAM,Avión,5,1
2022-04-22,Salida,Comercial,Avión,5,6
2022-04-22,Salida,FAM,Avión,5,1
2022-04-23,Llegada,Comercial,Avión,5,6
2022-04-23,Llegada,Privado,Avión,5,1
2022-04-23,Salida,Comercial,Avión,5,6
2022-04-23,Salida,Privado,Avión,5,1
2022-04-24,Llegada,Comercial,Avión,5,6
2022-04-24,Llegada,Privado,Avión,5,1
2022-04-24,Salida,Comercial,Avión,5,6
2022-04-24,Salida,Privado,Avión,5,1
2022-04-25,Llegada,Comercial,Avión,6,6
2022-04-25,Salida,Comercial,Avión,6,6
2022-04-25,Salida,Privado,Avión,6,1
2022-04-26,Llegada,Comercial,Avión,6,7
2022-04-26,Salida,Comercial,Avión,6,6
2022-04-27,Llegada,Comercial,Avión,6,6
2022-04-27,Salida,Comercial,Avión,6,7
2022-04-28,Llegada,Comercial,Avión,6,5
2022-04-28,Salida,Comercial,Avión,6,5
2022-04-29,Llegada,Comercial,Avión,6,6
2022-04-29,Salida,Comercial,Avión,6,6
2022-04-30,Llegada,Comercial,Avión,6,4
2022-04-30,Salida,Comercial,Avión,6,4
2022-05-01,Llegada,Comercial,Avión,6,5
2022-05-01,Llegada,Privado,Avión,6,1
2022-05-01,Salida,Comercial,Avión,6,6
2022-05-01,Salida,Privado,Avión,6,1
2022-05-02,Llegada,Comercial,Avión,7,5
2022-05-02,Llegada,FAM,Avión,7,1
2022-05-02,Salida,Comercial,Avión,7,5
2022-05-02,Salida,FAM,Avión,7,1
2022-05-03,Llegada,Comercial,Avión,7,6
2022-05-03,Salida,Comercial,Avión,7,6
2022-05-04,Llegada,Comercial,Avión,7,6
2022-05-04,Llegada,FAM,Avión,7,1
2022-05-04,Llegada,Privado,Avión,7,1
2022-05-04,Salida,Comercial,Avión,7,6
2022-05-04,Salida,FAM,Avión,7,1
2022-05-04,Salida,Privado,Avión,7,2
2022-05-05,Llegada,Comercial,Avión,7,6
2022-05-05,Llegada,Privado,Avión,7,1
2022-05-05,Salida,Comercial,Avión,7,6
2022-05-05,Salida,FAM,Avión,7,1
2022-05-06,Llegada,Comercial,Avión,7,5
2022-05-06,Llegada,FAM,Avión,7,2
2022-05-06,Llegada,Privado,Avión,7,1
2022-05-06,Salida,Comercial,Avión,7,5
2022-05-06,Salida,FAM,Avión,7,1
2022-05-06,Salida,Privado,Avión,7,1
2022-05-07,Llegada,Comercial,Avión,7,6
2022-05-07,Salida,Comercial,Avión,7,6
2022-05-07,Salida,FAM,Avión,7,1
2022-05-08,Llegada,Comercial,Avión,7,5
2022-05-08,Salida,Comercial,Avión,7,5
2022-05-09,Llegada,Comercial,Avión,8,6
2022-05-09,Llegada,FAM,Avión,8,1
2022-05-09,Salida,Comercial,Avión,8,6
2022-05-09,Salida,Privado,Avión,8,1
2022-05-10,Llegada,Comercial,Avión,8,7
2022-05-10,Salida,Comercial,Avión,8,6
2022-05-11,Llegada,Comercial,Avión,8,6
2022-05-11,Llegada,Privado,Avión,8,1
2022-05-11,Salida,Comercial,Avión,8,7
2022-05-11,Salida,Privado,Avión,8,1
2022-05-12,Llegada,Comercial,Avión,8,6
2022-05-12,Llegada,Privado,Avión,8,1
2022-05-12,Salida,Comercial,Avión,8,6
2022-05-12,Salida,Privado,Avión,8,1
2022-05-13,Llegada,Comercial,Avión,8,6
2022-05-13,Salida,Comercial,Avión,8,6
2022-05-13,Salida,Privado,Avión,8,1
2022-05-14,Llegada,Carga,Avión,8,1
2022-05-14,Llegada,Comercial,Avión,8,6
2022-05-14,Salida,Comercial,Avión,8,6
2022-05-14,Salida,Privado,Avión,8,1
2022-05-15,Llegada,Comercial,Avión,8,5
2022-05-15,Llegada,Privado,Avión,8,1
2022-05-15,Salida,Comercial,Avión,8,5
2022-05-16,Llegada,Comercial,Avión,9,6
2022-05-16,Llegada,FAM,Avión,9,2
2022-05-16,Salida,Comercial,Avión,9,6
2022-05-17,Llegada,Comercial,Avión,9,6
2022-05-17,Llegada,FAM,Avión,9,2
2022-05-17,Llegada,Privado,Avión,9,2
2022-05-17,Salida,Comercial,Avión,9,6
2022-05-17,Salida,FAM,Avión,9,2
2022-05-18,Llegada,Comercial,Avión,9,6
2022-05-18,Salida,Comercial,Avión,9,6
2022-05-18,Salida,Privado,Avión,9,1
2022-05-19,Llegada,Comercial,Avión,9,6
2022-05-19,Llegada,FAM,Avión,9,1
2022-05-19,Llegada,Privado,Avión,9,1
2022-05-19,Salida,Comercial,Avión,9,6
2022-05-19,Salida,FAM,Avión,9,3
2022-05-19,Salida,Privado,Avión,9,1
2022-05-20,Llegada,Comercial,Avión,9,6
2022-05-20,Llegada,FAM,Avión,9,2
2022-05-20,Llegada,Privado,Avión,9,1
2022-05-20,Salida,Comercial,Avión,9,6
2022-05-20,Salida,FAM,Avión,9,1
2022-05-20,Salida,Privado,Avión,9,1
2022-05-21,Llegada,Comercial,Avión,9,6
2022-05-21,Salida,Comercial,Avión,9,6
2022-05-21,Salida,FAM,Avión,9,1
2022-05-22,Llegada,Comercial,Avión,9,6
2022-05-22,Salida,Comercial,Avión,9,6
2022-05-23,Llegada,Comercial,Avión,10,6
2022-05-23,Salida,Comercial,Avión,10,6
2022-05-24,Llegada,Comercial,Avión,10,7
2022-05-24,Llegada,FAM,Avión,10,1
2022-05-24,Salida,Comercial,Avión,10,6
2022-05-25,Llegada,Comercial,Avión,10,6
2022-05-25,Llegada,FAM,Avión,10,1
2022-05-25,Llegada,Privado,Avión,10,1
2022-05-25,Salida,Comercial,Avión,10,7
2022-05-25,Salida,FAM,Avión,10,1
2022-05-25,Salida,Privado,Avión,10,1
2022-05-26,Llegada,Comercial,Avión,10,6
2022-05-26,Llegada,FAM,Avión,10,1
2022-05-26,Llegada,Privado,Avión,10,1
2022-05-26,Salida,Comercial,Avión,10,6
2022-05-26,Salida,FAM,Avión,10,1
2022-05-27,Llegada,Comercial,Avión,10,6
2022-05-27,Llegada,FAM,Avión,10,1
2022-05-27,Llegada,Privado,Avión,10,1
2022-05-27,Salida,Comercial,Avión,10,6
2022-05-27,Salida,FAM,Avión,10,1
2022-05-27,Salida,Privado,Avión,10,1
2022-05-28,Llegada,Comercial,Avión,10,6
2022-05-28,Llegada,Privado,Avión,10,1
2022-05-28,Salida,Comercial,Avión,10,6
2022-05-28,Salida,Privado,Avión,10,2
2022-05-29,Llegada,Comercial,Avión,10,6
2022-05-29,Llegada,Privado,Avión,10,4
2022-05-29,Salida,Comercial,Avión,10,6
2022-05-30,Llegada,Comercial,Avión,11,6
2022-05-30,Llegada,Privado,Avión,11,1
2022-05-30,Salida,Comercial,Avión,11,6
2022-05-30,Salida,Privado,Avión,11,5
2022-05-31,Llegada,Comercial,Avión,11,6
2022-05-31,Llegada,Privado,Avión,11,1
2022-05-31,Salida,Comercial,Avión,11,6
2022-05-31,Salida,FAM,Avión,11,2
2022-05-31,Salida,Privado,Avión,11,1
2022-06-01,Llegada,Comercial,Avión,11,6
2022-06-01,Llegada,FAM,Avión,11,1
2022-06-01,Salida,Comercial,Avión,11,6
2022-06-01,Salida,Privado,Avión,11,1
2022-06-02,Llegada,Comercial,Avión,11,6
2022-06-02,Llegada,FAM,Avión,11,1
2022-06-02,Salida,Comercial,Avión,11,6
2022-06-02,Salida,FAM,Avión,11,1
2022-06-03,Llegada,Comercial,Avión,11,5
2022-06-03,Llegada,FAM,Avión,11,1
2022-06-03,Salida,Comercial,Avión,11,5
2022-06-04,Llegada,Comercial,Avión,11,5
2022-06-04,Llegada,FAM,Avión,11,1
2022-06-04,Salida,Comercial,Avión,11,5
2022-06-04,Salida,FAM,Avión,11,1
2022-06-05,Llegada,Comercial,Avión,11,6
2022-06-05,Salida,Comercial,Avión,11,6
2022-06-05,Salida,FAM,Avión,11,1
2022-06-06,Llegada,Comercial,Avión,12,6
2022-06-06,Salida,Comercial,Avión,12,6
2022-06-06,Salida,FAM,Avión,12,1
2022-06-07,Llegada,Comercial,Avión,12,7
2022-06-07,Llegada,FAM,Avión,12,1
2022-06-07,Salida,Comercial,Avión,12,7
2022-06-07,Salida,FAM,Avión,12,1
2022-06-08,Llegada,Comercial,Avión,12,6
2022-06-08,Llegada,FAM,Avión,12,3
2022-06-08,Llegada,Privado,Avión,12,1
2022-06-08,Salida,Comercial,Avión,12,6
2022-06-08,Salida,FAM,Avión,12,3
2022-06-08,Salida,Privado,Avión,12,1
2022-06-09,Llegada,Comercial,Avión,12,6
2022-06-09,Llegada,FAM,Avión,12,1
2022-06-09,Salida,Comercial,Avión,12,6
2022-06-09,Salida,FAM,Avión,12,1
2022-06-10,Llegada,Comercial,Avión,12,6
2022-06-10,Llegada,FAM,Avión,12,7
2022-06-10,Salida,Comercial,Avión,12,6
2022-06-10,Salida,FAM,Avión,12,3
2022-06-11,Llegada,Comercial,Avión,12,6
2022-06-11,Llegada,FAM,Avión,12,1
2022-06-11,Salida,Comercial,Avión,12,6
2022-06-11,Salida,FAM,Avión,12,1
2022-06-12,Llegada,Comercial,Avión,12,5
2022-06-12,Llegada,FAM,Avión,12,4
2022-06-12,Salida,Comercial,Avión,12,5
2022-06-12,Salida,FAM,Avión,12,3
2022-06-13,Llegada,Comercial,Avión,13,6
2022-06-13,Llegada,FAM,Avión,13,1
2022-06-13,Llegada,Privado,Avión,13,1
2022-06-13,Salida,Comercial,Avión,13,6
2022-06-13,Salida,FAM,Avión,13,2
2022-06-13,Salida,Privado,Avión,13,1
2022-06-14,Llegada,Comercial,Avión,13,6
2022-06-14,Salida,Comercial,Avión,13,6
2022-06-15,Llegada,Comercial,Avión,13,7
2022-06-15,Llegada,Privado,Avión,13,1
2022-06-15,Salida,Comercial,Avión,13,7
2022-06-15,Salida,Privado,Avión,13,1
2022-06-16,Llegada,Comercial,Avión,13,6
2022-06-16,Llegada,FAM,Avión,13,5
2022-06-16,Salida,Comercial,Avión,13,6
2022-06-16,Salida,FAM,Avión,13,6
2022-06-17,Llegada,Comercial,Avión,13,6
2022-06-17,Llegada,FAM,Avión,13,3
2022-06-17,Salida,Comercial,Avión,13,6
2022-06-17,Salida,FAM,Avión,13,1
2022-06-18,Llegada,Comercial,Avión,13,6
2022-06-18,Llegada,FAM,Avión,13,4
2022-06-18,Salida,Comercial,Avión,13,6
2022-06-18,Salida,FAM,Avión,13,3
2022-06-18,Salida,Privado,Avión,13,1
2022-06-19,Llegada,Comercial,Avión,13,6
2022-06-19,Llegada,FAM,Avión,13,3
2022-06-19,Salida,Comercial,Avión,13,6
2022-06-19,Salida,FAM,Avión,13,2
2022-06-20,Llegada,Comercial,Avión,14,6
2022-06-20,Salida,Comercial,Avión,14,6
2022-06-21,Llegada,Comercial,Avión,14,7
2022-06-21,Salida,Comercial,Avión,14,7
2022-06-21,Salida,FAM,Avión,14,1
2022-06-22,Llegada,Comercial,Avión,14,6
2022-06-22,Salida,Comercial,Avión,14,6
2022-06-22,Salida,Privado,Avión,14,1
2022-06-23,Llegada,Comercial,Avión,14,6
2022-06-23,Llegada,Privado,Avión,14,1
2022-06-23,Salida,Comercial,Avión,14,6
2022-06-23,Salida,Privado,Avión,14,1
2022-06-24,Llegada,Comercial,Avión,14,6
2022-06-24,Llegada,FAM,Avión,14,1
2022-06-24,Salida,Comercial,Avión,14,6
2022-06-24,Salida,FAM,Avión,14,2
2022-06-25,Llegada,Comercial,Avión,14,5
2022-06-25,Llegada,FAM,Avión,14,1
2022-06-25,Salida,Comercial,Avión,14,5
2022-06-26,Llegada,Comercial,Avión,14,6
2022-06-26,Salida,Comercial,Avión,14,6
2022-06-27,Llegada,Comercial,Avión,15,5
2022-06-27,Llegada,FAM,Avión,15,2
2022-06-27,Salida,Comercial,Avión,15,5
2022-06-27,Salida,FAM,Avión,15,4
2022-06-28,Llegada,Comercial,Avión,15,6
2022-06-28,Salida,Comercial,Avión,15,6
2022-06-29,Llegada,Comercial,Avión,15,6
2022-06-29,Llegada,FAM,Avión,15,2
2022-06-29,Llegada,FAM,Helicóptero,15,1
2022-06-29,Llegada,Privado,Avión,15,1
2022-06-29,Salida,Comercial,Avión,15,6
2022-06-29,Salida,FAM,Avión,15,1
2022-06-29,Salida,FAM,Helicóptero,15,1
2022-06-30,Llegada,Comercial,Avión,15,6
2022-06-30,Llegada,FAM,Avión,15,2
2022-06-30,Llegada,Privado,Avión,15,1
2022-06-30,Salida,Comercial,Avión,15,6
2022-06-30,Salida,FAM,Avión,15,5
2022-07-01,Llegada,Comercial,Avión,15,6
2022-07-01,Llegada,FAM,Avión,15,2
2022-07-01,Llegada,Privado,Avión,15,1
2022-07-01,Salida,Comercial,Avión,15,6
2022-07-01,Salida,Privado,Avión,15,1
2022-07-02,Llegada,Comercial,Avión,15,4
2022-07-02,Llegada,FAM,Avión,15,3
2022-07-02,Salida,Comercial,Avión,15,4
2022-07-02,Salida,FAM,Avión,15,4
2022-07-03,Llegada,Comercial,Avión,15,4
2022-07-03,Llegada,FAM,Avión,15,3
2022-07-03,Salida,Comercial,Avión,15,4
2022-07-03,Salida,FAM,Avión,15,2
2022-07-04,Llegada,Comercial,Avión,16,4
2022-07-04,Llegada,FAM,Avión,16,4
2022-07-04,Salida,Comercial,Avión,16,4
2022-07-04,Salida,FAM,Avión,16,4
2022-07-05,Llegada,Comercial,Avión,16,6
2022-07-05,Llegada,FAM,Avión,16,1
2022-07-05,Llegada,Privado,Avión,16,2
2022-07-05,Salida,Comercial,Avión,16,6
2022-07-05,Salida,Privado,Avión,16,1
2022-07-06,Llegada,Comercial,Avión,16,4
2022-07-06,Salida,Comercial,Avión,16,4
2022-07-07,Llegada,Comercial,Avión,16,5
2022-07-07,Llegada,FAM,Avión,16,2
2022-07-07,Salida,Comercial,Avión,16,5
2022-07-07,Salida,FAM,Avión,16,2
2022-07-08,Llegada,Comercial,Avión,16,5
2022-07-08,Llegada,FAM,Avión,16,2
2022-07-08,Salida,Comercial,Avión,16,5
2022-07-08,Salida,FAM,Avión,16,1
2022-07-08,Salida,Privado,Avión,16,3
2022-07-09,Llegada,Comercial,Avión,16,6
2022-07-09,Salida,Comercial,Avión,16,5
2022-07-10,Llegada,Comercial,Avión,16,5
2022-07-10,Llegada,FAM,Avión,16,1
2022-07-10,Salida,Comercial,Avión,16,5
2022-07-10,Salida,FAM,Avión,16,3
2022-07-11,Llegada,Comercial,Avión,17,5
2022-07-11,Salida,Comercial,Avión,17,5
2022-07-12,Llegada,Comercial,Avión,17,5
2022-07-12,Llegada,FAM,Avión,17,5
2022-07-12,Salida,Comercial,Avión,17,5
2022-07-12,Salida,FAM,Avión,17,3
2022-07-13,Llegada,Comercial,Avión,17,5
2022-07-13,Salida,Comercial,Avión,17,5
2022-07-13,Salida,FAM,Avión,17,3
2022-07-14,Llegada,Comercial,Avión,17,5
2022-07-14,Salida,Comercial,Avión,17,5
2022-07-14,Salida,FAM,Avión,17,2
2022-07-14,Salida,Privado,Avión,17,1
2022-07-15,Llegada,Comercial,Avión,17,6
2022-07-15,Llegada,FAM,Avión,17,5
2022-07-15,Salida,Comercial,Avión,17,6
2022-07-15,Salida,FAM,Avión,17,3
2022-07-16,Llegada,Comercial,Avión,17,5
2022-07-16,Llegada,FAM,Avión,17,2
2022-07-16,Salida,Comercial,Avión,17,5
2022-07-16,Salida,FAM,Avión,17,2
2022-07-17,Llegada,Comercial,Avión,17,6
2022-07-17,Salida,Comercial,Avión,17,6
2022-07-18,Llegada,Carga,Avión,18,1
2022-07-18,Llegada,Comercial,Avión,18,5
2022-07-18,Llegada,FAM,Avión,18,2
2022-07-18,Llegada,Privado,Helicóptero,18,1
2022-07-18,Salida,Comercial,Avión,18,5
2022-07-18,Salida,FAM,Avión,18,3
2022-07-18,Salida,Privado,Helicóptero,18,1
2022-07-19,Llegada,Comercial,Avión,18,7
2022-07-19,Llegada,FAM,Avión,18,1
2022-07-19,Salida,Carga,Avión,18,1
2022-07-19,Salida,Comercial,Avión,18,7
2022-07-19,Salida,FAM,Avión,18,1
2022-07-20,Llegada,Comercial,Avión,18,6
2022-07-20,Salida,Comercial,Avión,18,6
2022-07-21,Llegada,Comercial,Avión,18,6
2022-07-21,Llegada,FAM,Avión,18,1
2022-07-21,Salida,Comercial,Avión,18,6
2022-07-21,Salida,FAM,Avión,18,2
2022-07-22,Llegada,Comercial,Avión,18,7
2022-07-22,Llegada,FAM,Avión,18,1
2022-07-22,Salida,Comercial,Avión,18,6
2022-07-23,Llegada,Comercial,Avión,18,6
2022-07-23,Llegada,FAM,Avión,18,2
2022-07-23,Salida,Comercial,Avión,18,6
2022-07-23,Salida,FAM,Avión,18,2
2022-07-24,Llegada,Comercial,Avión,18,6
2022-07-24,Llegada,FAM,Avión,18,2
2022-07-24,Salida,Comercial,Avión,18,6
2022-07-24,Salida,FAM,Avión,18,2
2022-07-25,Llegada,Comercial,Avión,19,6
2022-07-25,Llegada,FAM,Avión,19,1
2022-07-25,Salida,Comercial,Avión,19,6
2022-07-25,Salida,FAM,Avión,19,2
2022-07-26,Llegada,Comercial,Avión,19,6
2022-07-26,Llegada,FAM,Avión,19,2
2022-07-26,Llegada,FAM,Helicóptero,19,1
2022-07-26,Llegada,Privado,Avión,19,1
2022-07-26,Llegada,Privado,Helicóptero,19,1
2022-07-26,Salida,Comercial,Avión,19,6
2022-07-26,Salida,FAM,Helicóptero,19,1
2022-07-26,Salida,Privado,Avión,19,1
2022-07-26,Salida,Privado,Helicóptero,19,1
2022-07-27,Llegada,Comercial,Avión,19,6
2022-07-27,Llegada,Privado,Avión,19,2
2022-07-27,Salida,Comercial,Avión,19,6
2022-07-27,Salida,Privado,Avión,19,2
2022-07-28,Llegada,Comercial,Avión,19,6
2022-07-28,Llegada,FAM,Avión,19,1
2022-07-28,Salida,Comercial,Avión,19,6
2022-07-28,Salida,FAM,Avión,19,3
2022-07-29,Llegada,Comercial,Avión,19,5
2022-07-29,Llegada,FAM,Avión,19,3
2022-07-29,Salida,Comercial,Avión,19,5
2022-07-29,Salida,FAM,Avión,19,1
2022-07-30,Llegada,Comercial,Avión,19,6
2022-07-30,Llegada,FAM,Avión,19,2
2022-07-30,Salida,Comercial,Avión,19,6
2022-07-30,Salida,FAM,Avión,19,1
2022-07-31,Llegada,Comercial,Avión,19,6
2022-07-31,Llegada,FAM,Avión,19,1
2022-07-31,Salida,Comercial,Avión,19,6
2022-07-31,Salida,FAM,Avión,19,1
2022-08-01,Llegada,Comercial,Avión,20,6
2022-08-01,Salida,Comercial,Avión,20,5
2022-08-01,Salida,FAM,Avión,20,3
2022-08-02,Llegada,Comercial,Avión,20,7
2022-08-02,Llegada,FAM,Avión,20,3
2022-08-02,Salida,Comercial,Avión,20,7
2022-08-02,Salida,FAM,Avión,20,1
2022-08-03,Llegada,Comercial,Avión,20,6
2022-08-03,Salida,Comercial,Avión,20,6
2022-08-04,Llegada,Comercial,Avión,20,5
2022-08-04,Salida,Comercial,Avión,20,5
2022-08-04,Salida,FAM,Avión,20,3
2022-08-05,Llegada,Comercial,Avión,20,5
2022-08-05,Llegada,FAM,Avión,20,5
2022-08-05,Llegada,Guardia Nacional,Avión,20,1
2022-08-05,Llegada,Privado,Avión,20,1
2022-08-05,Salida,Comercial,Avión,20,5
2022-08-05,Salida,FAM,Avión,20,4
2022-08-05,Salida,Guardia Nacional,Avión,20,1
2022-08-06,Llegada,Comercial,Avión,20,6
2022-08-06,Llegada,FAM,Avión,20,3
2022-08-06,Salida,Comercial,Avión,20,6
2022-08-06,Salida,FAM,Avión,20,1
2022-08-07,Llegada,Carga,Avión,20,1
2022-08-07,Llegada,Comercial,Avión,20,7
2022-08-07,Llegada,FAM,Avión,20,1
2022-08-07,Salida,Carga,Avión,20,1
2022-08-07,Salida,Comercial,Avión,20,7
2022-08-07,Salida,FAM,Avión,20,1
2022-08-07,Salida,Privado,Avión,20,1
2022-08-08,Llegada,Charter,Avión,21,1
2022-08-08,Llegada,Comercial,Avión,21,5
2022-08-08,Llegada,FAM,Avión,21,1
2022-08-08,Salida,Charter,Avión,21,1
2022-08-08,Salida,Comercial,Avión,21,5
2022-08-08,Salida,FAM,Avión,21,1
2022-08-09,Llegada,Comercial,Avión,21,6
2022-08-09,Salida,Comercial,Avión,21,6
2022-08-10,Llegada,Comercial,Avión,21,6
2022-08-10,Llegada,FAM,Avión,21,3
2022-08-10,Llegada,Privado,Avión,21,1
2022-08-10,Llegada,NA,Avión,21,1
2022-08-10,Salida,Comercial,Avión,21,7
2022-08-10,Salida,FAM,Avión,21,2
2022-08-10,Salida,Privado,Avión,21,1
2022-08-11,Llegada,Charter,Avión,21,1
2022-08-11,Llegada,Comercial,Avión,21,5
2022-08-11,Llegada,FAM,Avión,21,3
2022-08-11,Salida,Charter,Avión,21,1
2022-08-11,Salida,Comercial,Avión,21,5
2022-08-11,Salida,FAM,Avión,21,6
2022-08-12,Llegada,Comercial,Avión,21,5
2022-08-12,Llegada,FAM,Avión,21,6
2022-08-12,Salida,Comercial,Avión,21,5
2022-08-12,Salida,FAM,Avión,21,3
2022-08-13,Llegada,Comercial,Avión,21,6
2022-08-13,Llegada,FAM,Avión,21,3
2022-08-13,Llegada,Privado,Avión,21,1
2022-08-13,Salida,Comercial,Avión,21,6
2022-08-13,Salida,FAM,Avión,21,4
2022-08-14,Llegada,Comercial,Avión,21,7
2022-08-14,Llegada,FAM,Avión,21,2
2022-08-14,Salida,Comercial,Avión,21,7
2022-08-14,Salida,FAM,Avión,21,2
2022-08-14,Salida,Privado,Avión,21,1
2022-08-15,Llegada,Comercial,Avión,22,13
2022-08-15,Llegada,FAM,Avión,22,4
2022-08-15,Salida,Comercial,Avión,22,13
2022-08-15,Salida,FAM,Avión,22,6
2022-08-16,Llegada,Charter,Avión,22,1
2022-08-16,Llegada,Comercial,Avión,22,13
2022-08-16,Llegada,FAM,Avión,22,6
2022-08-16,Llegada,Privado,Avión,22,1
2022-08-16,Salida,Comercial,Avión,22,12
2022-08-16,Salida,FAM,Avión,22,4
2022-08-16,Salida,Privado,Avión,22,1
2022-08-17,Llegada,Comercial,Avión,22,12
2022-08-17,Llegada,FAM,Avión,22,1
2022-08-17,Salida,Comercial,Avión,22,13
2022-08-18,Llegada,Comercial,Avión,22,12
2022-08-18,Llegada,FAM,Avión,22,1
2022-08-18,Salida,Comercial,Avión,22,11
2022-08-18,Salida,FAM,Avión,22,4
2022-08-19,Llegada,Comercial,Avión,22,9
2022-08-19,Llegada,FAM,Avión,22,4
2022-08-19,Llegada,Guardia Nacional,Helicóptero,22,2
2022-08-19,Salida,Comercial,Avión,22,10
2022-08-19,Salida,FAM,Avión,22,1
2022-08-20,Llegada,Comercial,Avión,22,12
2022-08-20,Llegada,FAM,Avión,22,2
2022-08-20,Llegada,Guardia Nacional,Avión,22,1
2022-08-20,Salida,Comercial,Avión,22,12
2022-08-21,Llegada,Comercial,Avión,22,12
2022-08-21,Llegada,FAM,Avión,22,2
2022-08-21,Salida,Comercial,Avión,22,12
2022-08-21,Salida,FAM,Avión,22,2
2022-08-22,Llegada,Comercial,Avión,23,11
2022-08-22,Llegada,FAM,Avión,23,2
2022-08-22,Llegada,Guardia Nacional,Avión,23,2
2022-08-22,Salida,Comercial,Avión,23,11
2022-08-22,Salida,FAM,Avión,23,3
2022-08-23,Llegada,Charter,Avión,23,1
2022-08-23,Llegada,Comercial,Avión,23,13
2022-08-23,Llegada,FAM,Avión,23,2
2022-08-23,Llegada,Guardia Nacional,Avión,23,1
2022-08-23,Salida,Comercial,Avión,23,12
2022-08-23,Salida,Guardia Nacional,Avión,23,1
2022-08-24,Llegada,Comercial,Avión,23,12
2022-08-24,Llegada,FAM,Avión,23,1
2022-08-24,Llegada,Guardia Nacional,Avión,23,1
2022-08-24,Salida,Comercial,Avión,23,13
2022-08-24,Salida,FAM,Avión,23,2
2022-08-24,Salida,Guardia Nacional,Avión,23,1
2022-08-25,Llegada,Comercial,Avión,23,14
2022-08-25,Llegada,FAM,Avión,23,2
2022-08-25,Llegada,Guardia Nacional,Avión,23,4
2022-08-25,Llegada,Privado,Avión,23,1
2022-08-25,Salida,Comercial,Avión,23,13
2022-08-25,Salida,FAM,Avión,23,4
2022-08-25,Salida,Guardia Nacional,Avión,23,4
2022-08-25,Salida,Privado,Avión,23,1
2022-08-26,Llegada,Comercial,Avión,23,12
2022-08-26,Llegada,FAM,Avión,23,4
2022-08-26,Llegada,Guardia Nacional,Avión,23,1
2022-08-26,Llegada,Guardia Nacional,Helicóptero,23,1
2022-08-26,Salida,Comercial,Avión,23,13
2022-08-26,Salida,FAM,Avión,23,1
2022-08-26,Salida,Guardia Nacional,Avión,23,1
2022-08-26,Salida,Guardia Nacional,Helicóptero,23,3
2022-08-27,Llegada,Comercial,Avión,23,14
2022-08-27,Llegada,FAM,Avión,23,1
2022-08-27,Llegada,Privado,Avión,23,1
2022-08-27,Salida,Comercial,Avión,23,13
2022-08-27,Salida,FAM,Avión,23,2
2022-08-27,Salida,Privado,Avión,23,1
2022-08-28,Llegada,Comercial,Avión,23,13
2022-08-28,Llegada,FAM,Avión,23,1
2022-08-28,Salida,Comercial,Avión,23,14
2022-08-28,Salida,FAM,Avión,23,1
2022-08-29,Llegada,Comercial,Avión,24,13
2022-08-29,Llegada,Guardia Nacional,Avión,24,1
2022-08-29,Llegada,Privado,Avión,24,1
2022-08-29,Salida,Comercial,Avión,24,13
2022-08-29,Salida,FAM,Avión,24,4
2022-08-29,Salida,Privado,Avión,24,1
2022-08-30,Llegada,Charter,Avión,24,1
2022-08-30,Llegada,Comercial,Avión,24,16
2022-08-30,Llegada,FAM,Avión,24,6
2022-08-30,Llegada,Guardia Nacional,Avión,24,3
2022-08-30,Llegada,Privado,Avión,24,1
2022-08-30,Salida,Comercial,Avión,24,15
2022-08-30,Salida,FAM,Avión,24,1
2022-08-30,Salida,Guardia Nacional,Avión,24,2
2022-08-30,Salida,Privado,Avión,24,1
2022-08-31,Llegada,Comercial,Avión,24,13
2022-08-31,Llegada,FAM,Avión,24,6
2022-08-31,Llegada,Guardia Nacional,Avión,24,2
2022-08-31,Llegada,Privado,Avión,24,1
2022-08-31,Salida,Comercial,Avión,24,14
2022-08-31,Salida,FAM,Avión,24,6
2022-08-31,Salida,Guardia Nacional,Avión,24,2
2022-08-31,Salida,Privado,Avión,24,1
2022-09-01,Llegada,Carga,Avión,24,1
2022-09-01,Llegada,Comercial,Avión,24,18
2022-09-01,Llegada,Guardia Nacional,Avión,24,1
2022-09-01,Llegada,Privado,Avión,24,1
2022-09-01,Llegada,Privado,Helicóptero,24,1
2022-09-01,Salida,Carga,Avión,24,1
2022-09-01,Salida,Comercial,Avión,24,16
2022-09-01,Salida,FAM,Avión,24,2
2022-09-01,Salida,Guardia Nacional,Avión,24,2
2022-09-01,Salida,Privado,Avión,24,1
2022-09-01,Salida,Privado,Helicóptero,24,1
2022-09-02,Llegada,Comercial,Avión,24,15
2022-09-02,Llegada,FAM,Avión,24,4
2022-09-02,Llegada,Guardia Nacional,Avión,24,1
2022-09-02,Llegada,Privado,Avión,24,1
2022-09-02,Salida,Comercial,Avión,24,16
2022-09-02,Salida,FAM,Avión,24,3
2022-09-02,Salida,Privado,Avión,24,1
2022-09-03,Llegada,Carga,Avión,24,1
2022-09-03,Llegada,Comercial,Avión,24,17
2022-09-03,Llegada,Guardia Nacional,Avión,24,1
2022-09-03,Salida,Carga,Avión,24,1
2022-09-03,Salida,Comercial,Avión,24,16
2022-09-03,Salida,Guardia Nacional,Avión,24,1
2022-09-04,Llegada,Comercial,Avión,24,14
2022-09-04,Llegada,FAM,Avión,24,1
2022-09-04,Salida,Comercial,Avión,24,15
2022-09-04,Salida,FAM,Avión,24,1
2022-09-05,Llegada,Comercial,Avión,25,16
2022-09-05,Llegada,FAM,Avión,25,4
2022-09-05,Llegada,Guardia Nacional,Avión,25,3
2022-09-05,Llegada,Privado,Avión,25,1
2022-09-05,Salida,Comercial,Avión,25,16
2022-09-05,Salida,FAM,Avión,25,3
2022-09-05,Salida,Guardia Nacional,Avión,25,2
2022-09-05,Salida,Privado,Avión,25,1
2022-09-06,Llegada,Charter,Avión,25,1
2022-09-06,Llegada,Comercial,Avión,25,17
2022-09-06,Llegada,FAM,Avión,25,1
2022-09-06,Llegada,Guardia Nacional,Avión,25,1
2022-09-06,Salida,Comercial,Avión,25,16
2022-09-06,Salida,FAM,Avión,25,1
2022-09-06,Salida,Guardia Nacional,Avión,25,1
2022-09-07,Llegada,Comercial,Avión,25,15
2022-09-07,Llegada,FAM,Avión,25,1
2022-09-07,Llegada,Privado,Avión,25,1
2022-09-07,Salida,Comercial,Avión,25,16
2022-09-07,Salida,FAM,Avión,25,1
2022-09-07,Salida,Privado,Avión,25,1
2022-09-08,Llegada,Comercial,Avión,25,17
2022-09-08,Llegada,FAM,Avión,25,2
2022-09-08,Salida,Comercial,Avión,25,16
2022-09-08,Salida,FAM,Avión,25,2
2022-09-09,Llegada,Comercial,Avión,25,15
2022-09-09,Llegada,FAM,Avión,25,1
2022-09-09,Llegada,Guardia Nacional,Helicóptero,25,1
2022-09-09,Llegada,Privado,Helicóptero,25,1
2022-09-09,Salida,Comercial,Avión,25,16
2022-09-09,Salida,FAM,Avión,25,1
2022-09-09,Salida,Guardia Nacional,Helicóptero,25,1
2022-09-09,Salida,Privado,Helicóptero,25,1
2022-09-10,Llegada,Comercial,Avión,25,17
2022-09-10,Llegada,FAM,Avión,25,4
2022-09-10,Salida,Comercial,Avión,25,17
2022-09-10,Salida,FAM,Avión,25,3
2022-09-11,Llegada,Comercial,Avión,25,15
2022-09-11,Llegada,FAM,Avión,25,3
2022-09-11,Salida,Comercial,Avión,25,16
2022-09-11,Salida,FAM,Avión,25,5
2022-09-12,Llegada,Comercial,Avión,26,16
2022-09-12,Llegada,FAM,Avión,26,3
2022-09-12,Llegada,Guardia Nacional,Avión,26,1
2022-09-12,Salida,Comercial,Avión,26,17
2022-09-12,Salida,FAM,Avión,26,2
2022-09-12,Salida,Guardia Nacional,Avión,26,1
2022-09-13,Llegada,Charter,Avión,26,1
2022-09-13,Llegada,Comercial,Avión,26,18
2022-09-13,Llegada,FAM,Avión,26,2
2022-09-13,Llegada,Guardia Nacional,Avión,26,4
2022-09-13,Llegada,Privado,Helicóptero,26,1
2022-09-13,Salida,Comercial,Avión,26,17
2022-09-13,Salida,FAM,Avión,26,1
2022-09-13,Salida,Guardia Nacional,Avión,26,4
2022-09-13,Salida,Privado,Helicóptero,26,1
2022-09-14,Llegada,Comercial,Avión,26,15
2022-09-14,Llegada,FAM,Avión,26,1
2022-09-14,Llegada,Guardia Nacional,Avión,26,4
2022-09-14,Salida,Comercial,Avión,26,16
2022-09-14,Salida,Guardia Nacional,Avión,26,3
2022-09-15,Llegada,Comercial,Avión,26,20
2022-09-15,Llegada,Guardia Nacional,Avión,26,2
2022-09-15,Llegada,Privado,Avión,26,1
2022-09-15,Salida,Comercial,Avión,26,19
2022-09-15,Salida,Guardia Nacional,Avión,26,2
2022-09-16,Llegada,Comercial,Avión,26,17
2022-09-16,Llegada,FAM,Avión,26,2
2022-09-16,Llegada,Guardia Nacional,Avión,26,2
2022-09-16,Salida,Comercial,Avión,26,16
2022-09-16,Salida,FAM,Avión,26,2
2022-09-16,Salida,Guardia Nacional,Avión,26,2
2022-09-16,Salida,Guardia Nacional,Helicóptero,26,1
2022-09-16,Salida,Privado,Avión,26,1
2022-09-17,Llegada,Comercial,Avión,26,18
2022-09-17,Llegada,FAM,Avión,26,7
2022-09-17,Salida,Comercial,Avión,26,19
2022-09-17,Salida,FAM,Avión,26,7
2022-09-17,Salida,Guardia Nacional,Avión,26,2
2022-09-18,Llegada,Comercial,Avión,26,19
2022-09-18,Llegada,FAM,Avión,26,1
2022-09-18,Salida,Comercial,Avión,26,20
2022-09-18,Salida,FAM,Avión,26,1
2022-09-19,Llegada,Comercial,Avión,27,27
2022-09-19,Salida,Comercial,Avión,27,28
2022-09-20,Llegada,Charter,Avión,27,1
2022-09-20,Llegada,Comercial,Avión,27,29
2022-09-20,Llegada,Privado,Avión,27,1
2022-09-20,Salida,Comercial,Avión,27,29
2022-09-20,Salida,Privado,Avión,27,1
2022-09-21,Llegada,Comercial,Avión,27,28
2022-09-21,Llegada,FAM,Avión,27,1
2022-09-21,Llegada,Privado,Avión,27,1
2022-09-21,Salida,Comercial,Avión,27,28
2022-09-21,Salida,FAM,Avión,27,1
2022-09-21,Salida,Privado,Avión,27,1
2022-09-22,Llegada,Charter,Avión,27,1
2022-09-22,Llegada,Comercial,Avión,27,29
2022-09-22,Llegada,FAM,Avión,27,1
2022-09-22,Salida,Comercial,Avión,27,30
2022-09-22,Salida,FAM,Avión,27,3
2022-09-23,Llegada,Comercial,Avión,27,28
2022-09-23,Llegada,FAM,Avión,27,2
2022-09-23,Salida,Comercial,Avión,27,28
2022-09-24,Llegada,Charter,Avión,27,1
2022-09-24,Llegada,Comercial,Avión,27,30
2022-09-24,Llegada,FAM,Avión,27,1
2022-09-24,Salida,Comercial,Avión,27,31
2022-09-24,Salida,FAM,Avión,27,2
2022-09-25,Llegada,Comercial,Avión,27,28
2022-09-25,Llegada,FAM,Avión,27,2
2022-09-25,Salida,Comercial,Avión,27,28
2022-09-25,Salida,FAM,Avión,27,1
2022-09-26,Llegada,Charter,Avión,28,1
2022-09-26,Llegada,Comercial,Avión,28,29
2022-09-26,Llegada,FAM,Avión,28,1
2022-09-26,Salida,Comercial,Avión,28,30
2022-09-26,Salida,FAM,Avión,28,2
2022-09-27,Llegada,Comercial,Avión,28,29
2022-09-27,Llegada,FAM,Avión,28,2
2022-09-27,Salida,Comercial,Avión,28,29
2022-09-28,Llegada,Comercial,Avión,28,27
2022-09-28,Llegada,FAM,Avión,28,3
2022-09-28,Llegada,Privado,Avión,28,2
2022-09-28,Salida,Comercial,Avión,28,25
2022-09-28,Salida,FAM,Avión,28,3
2022-09-28,Salida,Privado,Avión,28,1
2022-09-29,Llegada,Charter,Avión,28,1
2022-09-29,Llegada,Comercial,Avión,28,30
2022-09-29,Llegada,FAM,Avión,28,1
2022-09-29,Salida,Comercial,Avión,28,33
2022-09-29,Salida,FAM,Avión,28,6
2022-09-30,Llegada,Comercial,Avión,28,28
2022-09-30,Llegada,FAM,Avión,28,5
2022-09-30,Llegada,Privado,Avión,28,1
2022-09-30,Salida,Comercial,Avión,28,28
2022-09-30,Salida,FAM,Avión,28,2
2022-09-30,Salida,Privado,Avión,28,3
2022-10-01,Llegada,Charter,Avión,28,1
2022-10-01,Llegada,Comercial,Avión,28,30
2022-10-01,Llegada,FAM,Avión,28,5
2022-10-01,Salida,Comercial,Avión,28,31
2022-10-01,Salida,FAM,Avión,28,6
2022-10-02,Llegada,Comercial,Avión,28,28
2022-10-02,Llegada,FAM,Avión,28,5
2022-10-02,Llegada,Guardia Nacional,Avión,28,3
2022-10-02,Salida,Comercial,Avión,28,28
2022-10-02,Salida,FAM,Avión,28,6
2022-10-02,Salida,Guardia Nacional,Avión,28,2
2022-10-03,Llegada,Charter,Avión,29,1
2022-10-03,Llegada,Comercial,Avión,29,30
2022-10-03,Llegada,FAM,Avión,29,2
2022-10-03,Salida,Comercial,Avión,29,31
2022-10-03,Salida,FAM,Avión,29,1
2022-10-03,Salida,Guardia Nacional,Avión,29,1
2022-10-04,Llegada,Charter,Avión,29,1
2022-10-04,Llegada,Comercial,Avión,29,29
2022-10-04,Salida,Comercial,Avión,29,30
2022-10-05,Llegada,Comercial,Avión,29,29
2022-10-05,Llegada,FAM,Avión,29,1
2022-10-05,Salida,Comercial,Avión,29,27
2022-10-05,Salida,FAM,Avión,29,1
2022-10-06,Llegada,Charter,Avión,29,2
2022-10-06,Llegada,Comercial,Avión,29,30
2022-10-06,Llegada,FAM,Avión,29,2
2022-10-06,Salida,Comercial,Avión,29,32
2022-10-06,Salida,FAM,Avión,29,2
2022-10-07,Llegada,Comercial,Avión,29,28
2022-10-07,Llegada,FAM,Avión,29,1
2022-10-07,Llegada,Privado,Avión,29,2
2022-10-07,Salida,Charter,Avión,29,1
2022-10-07,Salida,Comercial,Avión,29,28
2022-10-07,Salida,Privado,Avión,29,1
2022-10-08,Llegada,Charter,Avión,29,1
2022-10-08,Llegada,Comercial,Avión,29,30
2022-10-08,Llegada,FAM,Avión,29,5
2022-10-08,Llegada,Privado,Avión,29,1
2022-10-08,Salida,Comercial,Avión,29,31
2022-10-08,Salida,FAM,Avión,29,4
2022-10-08,Salida,Privado,Avión,29,1
2022-10-09,Llegada,Comercial,Avión,29,29
2022-10-09,Llegada,FAM,Avión,29,2
2022-10-09,Llegada,Privado,Avión,29,1
2022-10-09,Salida,Comercial,Avión,29,28
2022-10-09,Salida,FAM,Avión,29,4
2022-10-09,Salida,Privado,Avión,29,2
2022-10-10,Llegada,Charter,Avión,30,1
2022-10-10,Llegada,Comercial,Avión,30,29
2022-10-10,Llegada,Privado,Avión,30,1
2022-10-10,Salida,Comercial,Avión,30,30
2022-10-10,Salida,FAM,Avión,30,1
2022-10-11,Llegada,Comercial,Avión,30,30
2022-10-11,Llegada,FAM,Avión,30,2
2022-10-11,Llegada,Privado,Avión,30,2
2022-10-11,Salida,Comercial,Avión,30,30
2022-10-11,Salida,FAM,Avión,30,1
2022-10-11,Salida,Privado,Avión,30,2
2022-10-12,Llegada,Comercial,Avión,30,29
2022-10-12,Llegada,Privado,Avión,30,1
2022-10-12,Salida,Comercial,Avión,30,28
2022-10-12,Salida,FAM,Avión,30,2
2022-10-12,Salida,Privado,Avión,30,2
2022-10-13,Llegada,Charter,Avión,30,1
2022-10-13,Llegada,Comercial,Avión,30,30
2022-10-13,Llegada,FAM,Avión,30,1
2022-10-13,Llegada,Privado,Avión,30,2
2022-10-13,Salida,Comercial,Avión,30,31
2022-10-13,Salida,FAM,Avión,30,1
2022-10-13,Salida,Privado,Avión,30,1
2022-10-14,Llegada,Comercial,Avión,30,28
2022-10-14,Llegada,FAM,Avión,30,2
2022-10-14,Llegada,Privado,Avión,30,1
2022-10-14,Salida,Comercial,Avión,30,28
2022-10-14,Salida,Privado,Avión,30,2
2022-10-15,Llegada,Charter,Avión,30,2
2022-10-15,Llegada,Comercial,Avión,30,30
2022-10-15,Llegada,FAM,Avión,30,2
2022-10-15,Llegada,Privado,Avión,30,1
2022-10-15,Salida,Comercial,Avión,30,31
2022-10-15,Salida,FAM,Avión,30,2
2022-10-16,Llegada,Comercial,Avión,30,28
2022-10-16,Llegada,FAM,Avión,30,1
2022-10-16,Salida,Comercial,Avión,30,27
2022-10-16,Salida,FAM,Avión,30,1
2022-10-16,Salida,Privado,Avión,30,1
2022-10-17,Llegada,Carga,Avión,31,1
2022-10-17,Llegada,Charter,Avión,31,1
2022-10-17,Llegada,Comercial,Avión,31,30
2022-10-17,Llegada,FAM,Avión,31,3
2022-10-17,Salida,Carga,Avión,31,1
2022-10-17,Salida,Comercial,Avión,31,30
2022-10-17,Salida,FAM,Avión,31,3
2022-10-18,Llegada,Comercial,Avión,31,28
2022-10-18,Llegada,Privado,Avión,31,1
2022-10-18,Salida,Comercial,Avión,31,29
2022-10-19,Llegada,Comercial,Avión,31,28
2022-10-19,Llegada,FAM,Avión,31,2
2022-10-19,Salida,Charter,Avión,31,1
2022-10-19,Salida,Comercial,Avión,31,28
2022-10-19,Salida,FAM,Avión,31,2
2022-10-20,Llegada,Charter,Avión,31,1
2022-10-20,Llegada,Comercial,Avión,31,31
2022-10-20,Llegada,FAM,Avión,31,1
2022-10-20,Llegada,Privado,Helicóptero,31,1
2022-10-20,Salida,Comercial,Avión,31,31
2022-10-20,Salida,FAM,Avión,31,1
2022-10-20,Salida,Privado,Helicóptero,31,1
2022-10-21,Llegada,Carga,Avión,31,1
2022-10-21,Llegada,Charter,Avión,31,1
2022-10-21,Llegada,Comercial,Avión,31,28
2022-10-21,Llegada,Privado,Avión,31,1
2022-10-21,Salida,Carga,Avión,31,1
2022-10-21,Salida,Charter,Avión,31,1
2022-10-21,Salida,Comercial,Avión,31,28
2022-10-21,Salida,FAM,Avión,31,1
2022-10-21,Salida,Privado,Avión,31,1
2022-10-22,Llegada,Charter,Avión,31,1
2022-10-22,Llegada,Comercial,Avión,31,30
2022-10-22,Llegada,FAM,Avión,31,1
2022-10-22,Llegada,Privado,Avión,31,1
2022-10-22,Llegada,Privado,Helicóptero,31,2
2022-10-22,Salida,Comercial,Avión,31,30
2022-10-22,Salida,Privado,Avión,31,1
2022-10-22,Salida,Privado,Helicóptero,31,2
2022-10-23,Llegada,Comercial,Avión,31,28
2022-10-23,Llegada,FAM,Avión,31,1
2022-10-23,Salida,Comercial,Avión,31,28
2022-10-24,Llegada,Comercial,Avión,32,29
2022-10-24,Llegada,Privado,Avión,32,4
2022-10-24,Llegada,Privado,Helicóptero,32,1
2022-10-24,Salida,Comercial,Avión,32,30
2022-10-24,Salida,Privado,Avión,32,1
2022-10-25,Llegada,Comercial,Avión,32,29
2022-10-25,Llegada,Privado,Avión,32,1
2022-10-25,Salida,Comercial,Avión,32,29
2022-10-25,Salida,Privado,Avión,32,1
2022-10-25,Salida,Privado,Helicóptero,32,1
2022-10-26,Llegada,Comercial,Avión,32,29
2022-10-26,Llegada,FAM,Avión,32,1
2022-10-26,Salida,Comercial,Avión,32,29
2022-10-26,Salida,FAM,Avión,32,3
2022-10-26,Salida,Privado,Avión,32,2
2022-10-27,Llegada,Comercial,Avión,32,31
2022-10-27,Llegada,FAM,Avión,32,1
2022-10-27,Salida,Comercial,Avión,32,31
2022-10-28,Llegada,Comercial,Avión,32,28
2022-10-28,Llegada,FAM,Avión,32,3
2022-10-28,Llegada,Privado,Avión,32,1
2022-10-28,Salida,Comercial,Avión,32,28
2022-10-28,Salida,FAM,Avión,32,2
2022-10-28,Salida,Privado,Avión,32,1
2022-10-29,Llegada,Comercial,Avión,32,32
2022-10-29,Llegada,FAM,Avión,32,2
2022-10-29,Salida,Comercial,Avión,32,32
2022-10-29,Salida,FAM,Avión,32,1
2022-10-30,Llegada,Comercial,Avión,32.035714285714285,28
2022-10-30,Llegada,FAM,Avión,32,2
2022-10-30,Llegada,Privado,Avión,32,1
2022-10-30,Salida,Comercial,Avión,32,28
2022-10-30,Salida,FAM,Avión,32,3
2022-10-30,Salida,Privado,Avión,32,1
2022-10-31,Llegada,Comercial,Avión,33,31
2022-10-31,Llegada,FAM,Avión,33,2
2022-10-31,Llegada,Guardia Nacional,Avión,33,1
2022-10-31,Salida,Comercial,Avión,33,31
2022-10-31,Salida,FAM,Avión,33,3
2022-11-01,Llegada,Comercial,Avión,33,28
2022-11-01,Llegada,FAM,Avión,33,4
2022-11-01,Salida,Comercial,Avión,33,28
2022-11-01,Salida,FAM,Avión,33,1
2022-11-01,Salida,Guardia Nacional,Avión,33,1
2022-11-02,Llegada,Comercial,Avión,33,29
2022-11-02,Llegada,Privado,Avión,33,1
2022-11-02,Salida,Comercial,Avión,33,28
2022-11-03,Llegada,Comercial,Avión,33,31
2022-11-03,Llegada,FAM,Avión,33,2
2022-11-03,Llegada,Privado,Avión,33,2
2022-11-03,Salida,Comercial,Avión,33,32
2022-11-03,Salida,FAM,Avión,33,3
2022-11-03,Salida,Privado,Avión,33,1
2022-11-04,Llegada,Comercial,Avión,33,28
2022-11-04,Llegada,FAM,Avión,33,7
2022-11-04,Salida,Comercial,Avión,33,28
2022-11-04,Salida,FAM,Avión,33,6
2022-11-04,Salida,Privado,Avión,33,2
2022-11-05,Llegada,Comercial,Avión,33,29
2022-11-05,Llegada,FAM,Avión,33,3
2022-11-05,Llegada,Privado,Avión,33,1
2022-11-05,Salida,Comercial,Avión,33,30
2022-11-05,Salida,FAM,Avión,33,3
2022-11-06,Llegada,Comercial,Avión,33,28
2022-11-06,Llegada,FAM,Avión,33,3
2022-11-06,Llegada,Privado,Avión,33,1
2022-11-06,Llegada,Privado,Helicóptero,33,1
2022-11-06,Salida,Comercial,Avión,33,28
2022-11-06,Salida,FAM,Avión,33,3
2022-11-06,Salida,Privado,Helicóptero,33,1
2022-11-07,Llegada,Comercial,Avión,34,29
2022-11-07,Llegada,Privado,Avión,34,1
2022-11-07,Salida,Comercial,Avión,34,29
2022-11-07,Salida,FAM,Avión,34,1
2022-11-07,Salida,Privado,Avión,34,2
2022-11-08,Llegada,Comercial,Avión,34,29
2022-11-08,Llegada,FAM,Avión,34,2
2022-11-08,Llegada,Privado,Avión,34,2
2022-11-08,Salida,Comercial,Avión,34,29
2022-11-08,Salida,Privado,Avión,34,1
2022-11-09,Llegada,Comercial,Avión,34,29
2022-11-09,Llegada,FAM,Avión,34,2
2022-11-09,Salida,Comercial,Avión,34,28
2022-11-09,Salida,FAM,Avión,34,1
2022-11-10,Llegada,Comercial,Avión,34,31
2022-11-10,Llegada,FAM,Avión,34,2
2022-11-10,Llegada,Privado,Avión,34,2
2022-11-10,Salida,Comercial,Avión,34,32
2022-11-10,Salida,FAM,Avión,34,4
2022-11-10,Salida,Privado,Avión,34,2
2022-11-11,Llegada,Comercial,Avión,34,28
2022-11-11,Llegada,FAM,Avión,34,5
2022-11-11,Salida,Comercial,Avión,34,28
2022-11-11,Salida,FAM,Avión,34,2
2022-11-11,Salida,Privado,Avión,34,1
2022-11-12,Llegada,Comercial,Avión,34,30
2022-11-12,Llegada,FAM,Avión,34,4
2022-11-12,Llegada,Guardia Nacional,Avión,34,1
2022-11-12,Salida,Comercial,Avión,34,30
2022-11-12,Salida,FAM,Avión,34,5
2022-11-12,Salida,Guardia Nacional,Avión,34,1
2022-11-13,Llegada,Comercial,Avión,34,28
2022-11-13,Llegada,FAM,Avión,34,2
2022-11-13,Salida,Comercial,Avión,34,29
2022-11-13,Salida,FAM,Avión,34,1
2022-11-13,Salida,Privado,Avión,34,1
2022-11-14,Llegada,Comercial,Avión,35,30
2022-11-14,Llegada,Privado,Avión,35,2
2022-11-14,Salida,Comercial,Avión,35,30
2022-11-14,Salida,FAM,Avión,35,1
2022-11-14,Salida,Privado,Avión,35,2
2022-11-15,Llegada,Comercial,Avión,35,29
2022-11-15,Llegada,FAM,Avión,35,2
2022-11-15,Llegada,Privado,Avión,35,4
2022-11-15,Salida,Comercial,Avión,35,29
2022-11-15,Salida,Privado,Avión,35,3
2022-11-16,Llegada,Comercial,Avión,35,28
2022-11-16,Llegada,FAM,Avión,35,5
2022-11-16,Llegada,Privado,Avión,35,3
2022-11-16,Salida,Comercial,Avión,35,28
2022-11-16,Salida,FAM,Avión,35,5
2022-11-16,Salida,Privado,Avión,35,3
2022-11-17,Llegada,Comercial,Avión,35,31
2022-11-17,Llegada,FAM,Avión,35,2
2022-11-17,Llegada,Privado,Avión,35,2
2022-11-17,Llegada,Privado,Helicóptero,35,1
2022-11-17,Salida,Comercial,Avión,35,31
2022-11-17,Salida,FAM,Avión,35,2
2022-11-17,Salida,Privado,Avión,35,1
2022-11-17,Salida,Privado,Helicóptero,35,1
2022-11-18,Llegada,Comercial,Avión,35,28
2022-11-18,Llegada,FAM,Avión,35,2
2022-11-18,Llegada,Privado,Avión,35,3
2022-11-18,Salida,Comercial,Avión,35,28
2022-11-18,Salida,FAM,Avión,35,1
2022-11-18,Salida,Privado,Avión,35,3
2022-11-19,Llegada,Comercial,Avión,35,30
2022-11-19,Llegada,FAM,Avión,35,2
2022-11-19,Llegada,Privado,Avión,35,2
2022-11-19,Salida,Comercial,Avión,35,30
2022-11-19,Salida,FAM,Avión,35,2
2022-11-19,Salida,Privado,Avión,35,3
2022-11-20,Llegada,Comercial,Avión,35,29
2022-11-20,Llegada,FAM,Avión,35,1
2022-11-20,Salida,Comercial,Avión,35,28
2022-11-20,Salida,FAM,Avión,35,2
2022-11-21,Llegada,Comercial,Avión,36,30
2022-11-21,Llegada,FAM,Avión,36,1
2022-11-21,Llegada,Privado,Avión,36,2
2022-11-21,Salida,Comercial,Avión,36,30
2022-11-21,Salida,Privado,Helicóptero,36,1
2022-11-22,Llegada,Comercial,Avión,36,29
2022-11-22,Llegada,FACH,Avión,36,1
2022-11-22,Llegada,Privado,Avión,36,2
2022-11-22,Salida,Comercial,Avión,36,28
2022-11-22,Salida,FAM,Avión,36,3
2022-11-22,Salida,Privado,Avión,36,4
2022-11-23,Llegada,Comercial,Avión,36,29
2022-11-23,Llegada,FAE,Avión,36,1
2022-11-23,Llegada,FAM,Avión,36,3
2022-11-23,Llegada,Privado,Avión,36,1
2022-11-23,Salida,Comercial,Avión,36,29
2022-11-23,Salida,Privado,Avión,36,1
2022-11-24,Llegada,Comercial,Avión,36,31
2022-11-24,Llegada,FAC,Avión,36,1
2022-11-24,Llegada,FAM,Avión,36,2
2022-11-24,Llegada,Privado,Avión,36,1
2022-11-24,Salida,Comercial,Avión,36,31
2022-11-24,Salida,FAE,Avión,36,1
2022-11-24,Salida,FAM,Avión,36,3
2022-11-25,Llegada,Comercial,Avión,36,28
2022-11-25,Llegada,FAM,Avión,36,6
2022-11-25,Salida,Comercial,Avión,36,28
2022-11-25,Salida,FACH,Avión,36,1
2022-11-25,Salida,FAM,Avión,36,5
2022-11-26,Llegada,Comercial,Avión,36,30
2022-11-26,Llegada,FAM,Avión,36,1
2022-11-26,Llegada,Privado,Avión,36,1
2022-11-26,Salida,Comercial,Avión,36,30
2022-11-26,Salida,FAM,Avión,36,2
2022-11-26,Salida,Privado,Avión,36,1
2022-11-27,Llegada,Comercial,Avión,36,28
2022-11-27,Llegada,Privado,Avión,36,2
2022-11-27,Salida,Comercial,Avión,36,28
2022-11-27,Salida,FAC,Avión,36,1
2022-11-27,Salida,Privado,Avión,36,1
2022-11-28,Llegada,Comercial,Avión,37,31
2022-11-28,Llegada,FAM,Avión,37,1
2022-11-28,Salida,Comercial,Avión,37,31
2022-11-28,Salida,FAM,Avión,37,1
2022-11-29,Llegada,Comercial,Avión,37,29
2022-11-29,Llegada,FAM,Avión,37,3
2022-11-29,Llegada,Privado,Avión,37,3
2022-11-29,Llegada,Privado,Helicóptero,37,2
2022-11-29,Salida,Comercial,Avión,37,28
2022-11-29,Salida,FAM,Avión,37,1
2022-11-29,Salida,Privado,Avión,37,3
2022-11-29,Salida,Privado,Helicóptero,37,2
2022-11-30,Llegada,Comercial,Avión,37,27
2022-11-30,Salida,Comercial,Avión,37,28
2022-11-30,Salida,FAM,Avión,37,1
2022-11-30,Salida,Privado,Avión,37,1
2022-12-01,Llegada,Comercial,Avión,37,31
2022-12-01,Llegada,Privado,Avión,37,3
2022-12-01,Salida,Comercial,Avión,37,30
2022-12-01,Salida,FAM,Avión,37,2
2022-12-01,Salida,Privado,Avión,37,4
2022-12-02,Llegada,Comercial,Avión,37,28
2022-12-02,Llegada,FAM,Avión,37,7
2022-12-02,Salida,Charter,Avión,37,1
2022-12-02,Salida,Comercial,Avión,37,25
2022-12-02,Salida,FAM,Avión,37,2
2022-12-03,Llegada,Comercial,Avión,37,30
2022-12-03,Llegada,FAM,Avión,37,1
2022-12-03,Salida,Comercial,Avión,37,30
2022-12-04,Llegada,Comercial,Avión,37,27
2022-12-04,Llegada,FAM,Avión,37,1
2022-12-04,Salida,Comercial,Avión,37,28
2022-12-04,Salida,FAM,Avión,37,1
2022-12-05,Llegada,Comercial,Avión,38,29
2022-12-05,Llegada,FAM,Avión,38,1
2022-12-05,Llegada,Privado,Avión,38,1
2022-12-05,Salida,Charter,Avión,38,1
2022-12-05,Salida,Comercial,Avión,38,28
2022-12-05,Salida,FAM,Avión,38,2
2022-12-05,Salida,Privado,Avión,38,1
2022-12-06,Llegada,Charter,Avión,38,1
2022-12-06,Llegada,Comercial,Avión,38,28
2022-12-06,Llegada,FAM,Avión,38,2
2022-12-06,Llegada,Privado,Avión,38,1
2022-12-06,Salida,Charter,Avión,38,1
2022-12-06,Salida,Comercial,Avión,38,28
2022-12-06,Salida,Privado,Avión,38,1
2022-12-07,Llegada,Comercial,Avión,38,28
2022-12-07,Llegada,FAM,Avión,38,2
2022-12-07,Llegada,Privado,Avión,38,2
2022-12-07,Salida,Comercial,Avión,38,28
2022-12-07,Salida,FAM,Avión,38,2
2022-12-07,Salida,Privado,Avión,38,1
2022-12-08,Llegada,Comercial,Avión,38,30
2022-12-08,Llegada,FAM,Avión,38,1
2022-12-08,Llegada,Privado,Avión,38,1
2022-12-08,Llegada,Privado,Helicóptero,38,1
2022-12-08,Salida,Comercial,Avión,38,30
2022-12-08,Salida,FAM,Avión,38,2
2022-12-08,Salida,Privado,Avión,38,1
2022-12-08,Salida,Privado,Helicóptero,38,1
2022-12-09,Llegada,Comercial,Avión,38,27
2022-12-09,Llegada,FAM,Avión,38,2
2022-12-09,Llegada,Privado,Helicóptero,38,1
2022-12-09,Salida,Comercial,Avión,38,27
2022-12-09,Salida,FAM,Avión,38,1
2022-12-09,Salida,Privado,Avión,38,1
2022-12-09,Salida,Privado,Helicóptero,38,1
2022-12-10,Llegada,Comercial,Avión,38,31
2022-12-10,Llegada,FAM,Avión,38,3
2022-12-10,Llegada,Privado,Avión,38,1
2022-12-10,Salida,Comercial,Avión,38,31
2022-12-10,Salida,FAM,Avión,38,2
2022-12-10,Salida,Privado,Avión,38,1
2022-12-11,Llegada,Comercial,Avión,38,27
2022-12-11,Llegada,Privado,Avión,38,2
2022-12-11,Llegada,Privado,Helicóptero,38,1
2022-12-11,Salida,Comercial,Avión,38,27
2022-12-11,Salida,Privado,Avión,38,1
2022-12-11,Salida,Privado,Helicóptero,38,1
2022-12-12,Llegada,Comercial,Avión,39,29
2022-12-12,Llegada,Privado,Helicóptero,39,1
2022-12-12,Salida,Comercial,Avión,39,29
2022-12-12,Salida,Privado,Helicóptero,39,1
2022-12-13,Llegada,Comercial,Avión,39,30
2022-12-13,Llegada,Privado,Avión,39,2
2022-12-13,Salida,Comercial,Avión,39,30
2022-12-13,Salida,FAM,Avión,39,1
2022-12-13,Salida,Privado,Avión,39,2
2022-12-14,Llegada,Comercial,Avión,39,29
2022-12-14,Llegada,FAM,Avión,39,7
2022-12-14,Llegada,Privado,Avión,39,1
2022-12-14,Salida,Comercial,Avión,39,30
2022-12-14,Salida,FAM,Avión,39,6
2022-12-15,Llegada,Comercial,Avión,39,32
2022-12-15,Llegada,FAM,Avión,39,3
2022-12-15,Salida,Comercial,Avión,39,32
2022-12-15,Salida,FAM,Avión,39,4
